RECDATETIME,SPECDESCSCI
2017-11-01 20:20:48,Pipistrellus nathusii
2017-11-01 20:30:29,Pipistrellus nathusii
2017-11-01 20:30:34,Pipistrellus nathusii
2017-11-01 20:31:04,Pipistrellus nathusii
2017-11-01 20:31:08,Pipistrellus nathusii
2017-11-01 20:32:54,Pipistrellus nathusii
2017-11-01 20:35:15,Pipistrellus nathusii
2017-11-01 20:36:35,Pipistrellus nathusii
2018-05-25 22:14:08,"Nyctalus, Vespertilio, Eptesicus"
2018-07-17 21:57:42,Pipistrellus pipistrellus
2018-07-17 21:58:54,Pipistrellus pipistrellus
2018-07-17 21:58:58,Pipistrellus pipistrellus
2018-07-17 22:23:07,Pipistrellus pipistrellus
2018-07-18 20:45:39,Pipistrellus pipistrellus
2018-07-18 20:56:23,Pipistrellus pipistrellus
2018-07-18 20:56:45,Pipistrellus pipistrellus
2018-07-21 20:49:11,Pipistrellus pipistrellus
2018-07-21 20:49:40,Pipistrellus pipistrellus
2018-07-21 20:49:48,Pipistrellus pipistrellus
2018-07-21 20:49:55,Pipistrellus pipistrellus
2018-07-21 20:50:14,Pipistrellus pipistrellus
2018-07-21 20:50:16,Pipistrellus pipistrellus
2018-07-21 20:50:34,Pipistrellus pipistrellus
2018-07-21 20:50:39,Pipistrellus pipistrellus
2018-07-21 20:50:41,Pipistrellus pipistrellus
2018-07-21 20:50:48,Pipistrellus pipistrellus
2018-07-21 20:50:59,Pipistrellus pipistrellus
2018-07-21 20:51:01,Pipistrellus pipistrellus
2018-07-21 20:51:09,Pipistrellus pipistrellus
2018-07-21 20:51:17,Pipistrellus pipistrellus
2018-07-21 20:51:21,Pipistrellus pipistrellus
2018-07-21 20:51:45,Pipistrellus pipistrellus
2018-07-21 20:51:50,Pipistrellus pipistrellus
2018-07-21 20:52:16,Pipistrellus pipistrellus
2018-07-21 20:52:19,Pipistrellus pipistrellus
2018-07-21 20:52:23,Pipistrellus pipistrellus
2018-07-21 20:52:31,Pipistrellus pipistrellus
2018-07-21 20:52:35,Pipistrellus pipistrellus
2018-07-21 20:52:39,Pipistrellus pipistrellus
2018-07-21 20:53:05,Pipistrellus pipistrellus
2018-07-21 20:53:52,Pipistrellus pipistrellus
2018-07-21 20:54:00,Pipistrellus pipistrellus
2018-07-21 20:54:08,Pipistrellus pipistrellus
2018-07-21 20:54:39,Pipistrellus pipistrellus
2018-07-22 22:04:04,Pipistrellus pipistrellus
2018-07-22 22:08:39,Pipistrellus pipistrellus
2018-07-22 22:09:35,Pipistrellus pipistrellus
2018-07-22 22:12:44,Pipistrellus pipistrellus
2018-07-22 22:12:50,Pipistrellus pipistrellus
2018-07-22 22:13:00,Pipistrellus pipistrellus
2018-07-22 22:13:07,Pipistrellus pipistrellus
2018-07-22 22:13:17,Pipistrellus pipistrellus
2018-07-22 22:13:31,Pipistrellus pipistrellus
2018-07-22 22:13:37,Pipistrellus pipistrellus
2018-07-22 22:13:38,Pipistrellus pipistrellus
2018-07-22 22:13:48,Pipistrellus pipistrellus
2018-07-22 22:14:01,Pipistrellus pipistrellus
2018-07-22 22:14:06,Pipistrellus pipistrellus
2018-07-22 22:14:18,Pipistrellus pipistrellus
2018-07-22 22:14:24,Pipistrellus pipistrellus
2018-07-22 22:14:29,Pipistrellus pipistrellus
2018-07-22 22:14:32,Pipistrellus pipistrellus
2018-07-22 22:14:51,Pipistrellus pipistrellus
2018-07-22 22:15:48,Pipistrellus pipistrellus
2018-07-22 22:16:03,Pipistrellus pipistrellus
2018-07-22 22:16:12,Pipistrellus pipistrellus
2018-07-22 22:16:22,Pipistrellus pipistrellus
2018-07-22 22:18:38,Pipistrellus pipistrellus
2018-07-22 22:18:50,Pipistrellus pipistrellus
2018-07-22 22:19:01,Pipistrellus pipistrellus
2018-07-22 22:21:00,Pipistrellus pipistrellus
2018-07-22 22:22:28,Pipistrellus pipistrellus
2018-07-22 22:22:43,Pipistrellus pipistrellus
2018-07-22 22:26:50,Pipistrellus pipistrellus
2018-07-22 22:27:22,Pipistrellus pipistrellus
2018-07-22 22:27:38,Pipistrellus pipistrellus
2018-07-22 22:27:59,Pipistrellus pipistrellus
2018-07-22 22:28:40,Pipistrellus pipistrellus
2018-07-23 20:28:16,Pipistrellus pipistrellus
2018-07-23 20:28:18,Pipistrellus pipistrellus
2018-07-23 20:30:13,Pipistrellus pipistrellus
2018-07-23 20:30:31,Pipistrellus pipistrellus
2018-07-23 20:31:37,Pipistrellus pipistrellus
2018-07-23 20:34:01,Pipistrellus pipistrellus
2018-07-23 20:34:03,Pipistrellus pipistrellus
2018-07-23 20:34:57,Pipistrellus pipistrellus
2018-07-23 20:35:33,Pipistrellus pipistrellus
2018-07-23 20:36:10,Pipistrellus pipistrellus
2018-07-23 20:36:39,Pipistrellus pipistrellus
2018-07-23 20:37:14,Pipistrellus pipistrellus
2018-07-23 20:38:30,Pipistrellus pipistrellus
2018-07-23 20:38:33,Pipistrellus pipistrellus
2018-07-23 20:39:24,Pipistrellus pipistrellus
2018-07-23 20:44:33,Pipistrellus pipistrellus
2018-07-23 20:46:31,Pipistrellus pipistrellus
2018-07-23 20:46:36,Pipistrellus pipistrellus
2018-07-23 20:48:42,Pipistrellus pipistrellus
2018-07-23 20:50:55,Pipistrellus pipistrellus
2018-07-23 20:51:05,Pipistrellus pipistrellus
2018-07-23 20:51:11,Pipistrellus pipistrellus
2018-07-23 20:54:28,Pipistrellus pipistrellus
2018-07-23 20:54:48,Pipistrellus pipistrellus
2018-07-23 20:55:05,Pipistrellus pipistrellus
2018-07-23 20:55:21,Pipistrellus pipistrellus
2018-07-23 20:55:51,Pipistrellus pipistrellus
2018-07-23 20:56:31,Pipistrellus pipistrellus
2018-07-23 20:56:55,Pipistrellus pipistrellus
2018-07-23 20:56:58,Pipistrellus pipistrellus
2018-07-23 20:57:25,Pipistrellus pipistrellus
2018-09-06 20:01:25,Pipistrellus pipistrellus
2018-09-06 20:01:33,Pipistrellus pipistrellus
2018-09-06 20:01:35,Pipistrellus pipistrellus
2018-09-06 20:01:42,Pipistrellus pipistrellus
2018-09-06 20:01:53,Pipistrellus pipistrellus
2018-09-06 20:01:59,Pipistrellus pipistrellus
2018-09-06 20:02:05,Pipistrellus pipistrellus
2018-09-06 20:02:11,Pipistrellus pipistrellus
2018-09-06 20:02:43,Pipistrellus pipistrellus
2018-09-06 20:02:44,Pipistrellus pipistrellus
2018-09-06 20:02:52,Pipistrellus pipistrellus
2018-09-06 20:02:57,Pipistrellus pipistrellus
2018-09-06 20:04:03,Pipistrellus pipistrellus
2018-09-06 20:04:11,Pipistrellus pipistrellus
2018-09-06 20:04:27,Pipistrellus pipistrellus
2018-09-06 20:05:10,Pipistrellus pipistrellus
2018-09-06 20:05:31,Pipistrellus pipistrellus
2018-09-06 20:05:40,Pipistrellus pipistrellus
2018-09-06 20:05:42,Pipistrellus pipistrellus
2018-09-06 20:05:48,Pipistrellus pipistrellus
2018-09-06 20:05:55,Pipistrellus pipistrellus
2018-09-06 20:05:57,Pipistrellus pipistrellus
2018-09-06 20:06:03,Pipistrellus pipistrellus
2018-09-06 20:06:09,Pipistrellus pipistrellus
2018-09-06 20:06:22,Pipistrellus pipistrellus
2018-09-06 20:06:30,Pipistrellus pipistrellus
2018-09-06 20:06:42,Pipistrellus pipistrellus
2018-09-06 20:06:47,Pipistrellus pipistrellus
2018-09-06 20:06:52,Pipistrellus pipistrellus
2018-09-06 20:07:03,Pipistrellus pipistrellus
2018-09-06 20:07:25,Pipistrellus pipistrellus
2018-09-06 20:07:29,Pipistrellus pipistrellus
2018-09-06 20:07:53,Pipistrellus pipistrellus
2018-09-06 20:07:59,Pipistrellus pipistrellus
2018-09-06 20:08:18,Pipistrellus pipistrellus
2018-09-06 20:10:06,Pipistrellus pipistrellus
2018-09-06 20:10:46,Pipistrellus pipistrellus
2018-09-06 20:10:53,Pipistrellus pipistrellus
2018-09-06 20:11:27,Pipistrellus pipistrellus
2018-09-06 20:11:30,Pipistrellus pipistrellus
2018-09-06 20:11:33,Pipistrellus pipistrellus
2018-09-06 20:11:35,Pipistrellus pipistrellus
2018-09-06 20:11:38,Pipistrellus pipistrellus
2018-09-06 20:11:42,Pipistrellus pipistrellus
2018-09-06 20:11:49,Pipistrellus pipistrellus
2018-09-06 20:11:58,Pipistrellus pipistrellus
2018-09-06 20:12:02,Pipistrellus pipistrellus
2018-09-06 20:12:04,Pipistrellus pipistrellus
2018-09-06 20:12:07,Pipistrellus pipistrellus
2018-09-06 20:12:11,Pipistrellus pipistrellus
2018-09-06 20:12:17,Pipistrellus pipistrellus
2018-09-06 20:12:20,Pipistrellus pipistrellus
2018-09-06 20:12:27,Pipistrellus pipistrellus
2018-09-06 20:12:38,Pipistrellus pipistrellus
2018-09-06 20:12:55,Pipistrellus pipistrellus
2018-09-06 20:13:00,Pipistrellus pipistrellus
2018-09-06 20:13:05,Pipistrellus pipistrellus
2018-09-06 20:13:08,Pipistrellus pipistrellus
2018-09-06 20:13:14,Pipistrellus pipistrellus
2018-09-06 20:13:22,Pipistrellus pipistrellus
2018-09-06 20:13:27,Pipistrellus pipistrellus
2018-09-06 20:13:34,Pipistrellus pipistrellus
2018-09-06 20:13:38,Pipistrellus pipistrellus
2018-09-06 20:13:57,Pipistrellus pipistrellus
2018-09-06 20:14:07,Pipistrellus pipistrellus
2018-09-06 20:14:11,Pipistrellus pipistrellus
2018-09-06 20:14:23,Pipistrellus pipistrellus
2018-09-06 20:14:36,Pipistrellus pipistrellus
2018-09-06 20:14:45,Pipistrellus pipistrellus
2018-09-06 20:15:05,Pipistrellus pipistrellus
2018-09-06 20:15:16,Pipistrellus pipistrellus
2018-09-06 20:15:20,Pipistrellus pipistrellus
2018-09-06 20:15:23,Pipistrellus pipistrellus
2018-09-06 20:15:27,Pipistrellus pipistrellus
2018-09-06 20:15:30,Pipistrellus pipistrellus
2018-09-06 20:15:33,Pipistrellus pipistrellus
2018-09-06 20:15:38,Pipistrellus pipistrellus
2018-09-06 20:15:42,Pipistrellus pipistrellus
2018-09-06 20:15:45,Pipistrellus pipistrellus
2018-09-06 20:15:50,Pipistrellus pipistrellus
2018-09-06 20:16:00,Pipistrellus pipistrellus
2018-09-06 20:16:03,Pipistrellus pipistrellus
2018-09-06 20:16:27,Pipistrellus pipistrellus
2018-09-06 20:16:36,Pipistrellus pipistrellus
2018-09-06 20:16:39,Pipistrellus pipistrellus
2018-09-06 20:16:46,Pipistrellus pipistrellus
2018-09-06 20:16:54,Pipistrellus pipistrellus
2018-09-06 20:17:15,Pipistrellus pipistrellus
2018-09-06 20:17:17,Pipistrellus pipistrellus
2018-09-06 20:17:25,Pipistrellus pipistrellus
2018-09-06 20:17:41,Pipistrellus pipistrellus
2018-09-06 20:17:45,Pipistrellus pipistrellus
2018-09-06 20:17:48,Pipistrellus pipistrellus
2018-09-06 20:20:20,Pipistrellus pipistrellus
2018-09-06 20:20:33,Pipistrellus pipistrellus
2018-09-06 20:20:35,Pipistrellus pipistrellus
2018-09-06 20:20:47,Pipistrellus pipistrellus
2018-09-06 20:22:22,Pipistrellus pipistrellus
2018-09-06 20:22:27,Pipistrellus pipistrellus
2018-09-06 20:22:33,Pipistrellus pipistrellus
2018-09-06 20:22:35,Pipistrellus pipistrellus
2018-09-06 20:22:38,Pipistrellus pipistrellus
2018-09-06 20:22:43,Pipistrellus pipistrellus
2018-09-06 20:22:50,Pipistrellus pipistrellus
2018-09-06 20:22:58,Pipistrellus pipistrellus
2018-09-06 20:23:04,Pipistrellus pipistrellus
2018-09-06 20:23:06,Pipistrellus pipistrellus
2018-09-06 20:23:17,Pipistrellus pipistrellus
2018-09-06 20:23:22,Pipistrellus pipistrellus
2018-09-06 20:23:25,Pipistrellus pipistrellus
2018-09-06 20:23:29,Pipistrellus pipistrellus
2018-09-06 20:23:37,Pipistrellus pipistrellus
2018-09-06 20:23:52,Pipistrellus pipistrellus
2018-09-06 20:23:56,Pipistrellus pipistrellus
2018-09-06 20:23:58,Pipistrellus pipistrellus
2018-09-06 20:24:02,Pipistrellus pipistrellus
2018-09-06 20:24:05,Pipistrellus pipistrellus
2018-09-06 20:24:14,Pipistrellus pipistrellus
2018-09-06 20:24:18,Pipistrellus pipistrellus
2018-09-06 20:24:21,Pipistrellus pipistrellus
2018-09-06 20:24:30,Pipistrellus pipistrellus
2018-09-06 20:24:32,Pipistrellus pipistrellus
2018-09-06 20:24:36,Pipistrellus pipistrellus
2018-09-06 20:24:39,Pipistrellus pipistrellus
2018-09-06 20:24:49,Pipistrellus pipistrellus
2018-09-06 20:24:54,Pipistrellus pipistrellus
2018-09-06 20:25:01,Pipistrellus pipistrellus
2018-09-06 20:25:04,Pipistrellus pipistrellus
2018-09-06 20:25:07,Pipistrellus pipistrellus
2018-09-06 20:25:10,Pipistrellus pipistrellus
2018-09-06 20:25:13,Pipistrellus pipistrellus
2018-09-06 20:25:20,Pipistrellus pipistrellus
2018-09-06 20:25:26,Pipistrellus pipistrellus
2018-09-06 20:25:32,Pipistrellus pipistrellus
2018-09-06 20:25:34,Pipistrellus pipistrellus
2018-09-06 20:25:41,Pipistrellus pipistrellus
2018-09-06 20:25:45,Pipistrellus pipistrellus
2018-09-06 20:25:48,Pipistrellus pipistrellus
2018-09-06 20:25:51,Pipistrellus pipistrellus
2018-09-06 20:25:54,Pipistrellus pipistrellus
2018-09-06 20:25:57,Pipistrellus pipistrellus
2018-09-06 20:26:04,Pipistrellus pipistrellus
2018-09-06 20:26:10,Pipistrellus pipistrellus
2018-09-06 20:26:21,Pipistrellus pipistrellus
2018-09-06 20:26:26,Pipistrellus pipistrellus
2018-09-06 20:26:31,Pipistrellus pipistrellus
2018-09-06 20:26:34,Pipistrellus pipistrellus
2018-09-06 20:26:38,Pipistrellus pipistrellus
2018-09-06 20:26:41,Pipistrellus pipistrellus
2018-09-06 20:26:47,Pipistrellus pipistrellus
2018-09-06 20:26:50,Pipistrellus pipistrellus
2018-09-06 20:26:53,Pipistrellus pipistrellus
2018-09-06 20:26:57,Pipistrellus pipistrellus
2018-09-06 20:27:01,Pipistrellus pipistrellus
2018-09-06 20:27:06,Pipistrellus pipistrellus
2018-09-06 20:27:09,Pipistrellus pipistrellus
2018-09-06 20:27:11,Pipistrellus pipistrellus
2018-09-06 20:27:13,Pipistrellus pipistrellus
2018-09-06 20:27:15,Pipistrellus pipistrellus
2018-09-06 20:27:23,Pipistrellus pipistrellus
2018-09-06 20:27:36,Pipistrellus pipistrellus
2018-09-06 20:27:44,Pipistrellus pipistrellus
2018-09-06 20:27:51,Pipistrellus pipistrellus
2018-09-06 20:27:56,Pipistrellus pipistrellus
2018-09-06 20:28:01,Pipistrellus pipistrellus
2018-09-06 20:28:03,Pipistrellus pipistrellus
2018-09-06 20:28:07,Pipistrellus pipistrellus
2018-09-06 20:28:10,Pipistrellus pipistrellus
2018-09-06 20:28:13,Pipistrellus pipistrellus
2018-09-06 20:28:24,Pipistrellus pipistrellus
2018-09-06 20:28:27,Pipistrellus pipistrellus
2018-09-06 20:28:30,Pipistrellus pipistrellus
2018-09-06 20:28:34,Pipistrellus pipistrellus
2018-09-06 20:28:37,Pipistrellus pipistrellus
2018-09-06 20:28:40,Pipistrellus pipistrellus
2018-09-06 20:28:49,Pipistrellus pipistrellus
2018-09-06 20:28:56,Pipistrellus pipistrellus
2018-09-06 20:28:59,Pipistrellus pipistrellus
2018-09-06 20:29:05,Pipistrellus pipistrellus
2018-09-06 20:29:08,Pipistrellus pipistrellus
2018-09-06 20:29:11,Pipistrellus pipistrellus
2018-09-06 20:29:14,Pipistrellus pipistrellus
2018-09-06 20:29:17,Pipistrellus pipistrellus
2018-09-06 20:29:21,Pipistrellus pipistrellus
2018-09-06 20:43:37,Pipistrellus pipistrellus
2018-09-06 20:43:38,Pipistrellus pipistrellus
2018-09-06 20:43:47,Pipistrellus pipistrellus
2018-09-06 20:43:53,Pipistrellus pipistrellus
2018-09-06 20:44:02,Pipistrellus pipistrellus
2018-09-06 20:44:09,Pipistrellus pipistrellus
2018-09-06 20:44:13,Pipistrellus pipistrellus
2018-09-06 20:44:27,Pipistrellus pipistrellus
2018-09-06 20:44:32,Pipistrellus pipistrellus
2018-09-06 20:44:35,Pipistrellus pipistrellus
2018-09-06 20:44:38,Pipistrellus pipistrellus
2018-09-06 20:44:41,Pipistrellus pipistrellus
2018-09-06 20:44:46,Pipistrellus pipistrellus
2018-09-06 20:44:50,Pipistrellus pipistrellus
2018-09-06 20:44:53,Pipistrellus pipistrellus
2018-09-06 20:44:57,Pipistrellus pipistrellus
2018-09-06 20:45:01,Pipistrellus pipistrellus
2018-09-06 20:45:03,Pipistrellus pipistrellus
2018-09-06 20:45:07,Pipistrellus pipistrellus
2018-09-06 20:45:10,Pipistrellus pipistrellus
2018-09-06 20:45:14,Pipistrellus pipistrellus
2018-09-06 20:45:17,Pipistrellus pipistrellus
2018-09-06 20:45:20,Pipistrellus pipistrellus
2018-09-06 20:45:24,Pipistrellus pipistrellus
2018-09-06 20:45:28,Pipistrellus pipistrellus
2018-09-06 20:45:30,Pipistrellus pipistrellus
2018-09-06 20:45:34,Pipistrellus pipistrellus
2018-09-06 20:45:36,Pipistrellus pipistrellus
2018-09-06 20:45:40,Pipistrellus pipistrellus
2018-09-06 20:45:42,Pipistrellus pipistrellus
2018-09-06 20:45:56,Pipistrellus pipistrellus
2018-09-06 20:45:59,Pipistrellus pipistrellus
2018-09-06 20:46:06,Pipistrellus pipistrellus
2018-09-06 20:46:11,Pipistrellus pipistrellus
2018-09-06 20:46:14,Pipistrellus pipistrellus
2018-09-06 20:46:18,Pipistrellus pipistrellus
2018-09-06 20:46:21,Pipistrellus pipistrellus
2018-09-06 20:46:24,Pipistrellus pipistrellus
2018-09-06 20:46:41,Pipistrellus pipistrellus
2018-09-06 20:46:44,Pipistrellus pipistrellus
2018-09-06 20:46:48,Pipistrellus pipistrellus
2018-09-06 20:46:52,Pipistrellus pipistrellus
2018-09-06 20:46:55,Pipistrellus pipistrellus
2018-09-06 20:46:58,Pipistrellus pipistrellus
2018-09-06 20:47:02,Pipistrellus pipistrellus
2018-09-06 20:47:04,Pipistrellus pipistrellus
2018-09-06 20:47:12,Pipistrellus pipistrellus
2018-09-06 20:47:25,Pipistrellus pipistrellus
2018-09-06 20:47:31,Pipistrellus pipistrellus
2018-09-06 20:47:33,Pipistrellus pipistrellus
2018-09-06 20:47:39,Pipistrellus pipistrellus
2018-09-06 20:47:41,Pipistrellus pipistrellus
2018-09-06 20:47:45,Pipistrellus pipistrellus
2018-09-06 20:47:51,Pipistrellus pipistrellus
2018-09-06 20:48:11,Pipistrellus pipistrellus
2018-09-06 20:48:20,Pipistrellus pipistrellus
2018-09-06 20:48:22,Pipistrellus pipistrellus
2018-09-06 20:48:24,Pipistrellus pipistrellus
2018-09-06 20:48:28,Pipistrellus pipistrellus
2018-09-06 20:48:34,Pipistrellus pipistrellus
2018-09-06 20:48:39,Pipistrellus pipistrellus
2018-09-06 20:48:45,Pipistrellus pipistrellus
2018-09-06 20:48:48,Pipistrellus pipistrellus
2018-09-06 20:48:53,Pipistrellus pipistrellus
2018-09-06 21:06:07,Pipistrellus pipistrellus
2018-09-06 21:06:13,Pipistrellus pipistrellus
2018-09-06 21:06:23,Pipistrellus pipistrellus
2018-09-06 21:06:30,Pipistrellus pipistrellus
2018-09-06 21:06:42,Pipistrellus pipistrellus
2018-09-06 21:06:50,Pipistrellus pipistrellus
2018-09-06 21:07:08,Pipistrellus pipistrellus
2018-09-06 21:07:12,Pipistrellus pipistrellus
2018-09-06 21:07:15,Pipistrellus pipistrellus
2018-09-06 21:07:18,Pipistrellus pipistrellus
2018-09-06 21:07:21,Pipistrellus pipistrellus
2018-09-06 21:07:25,Pipistrellus pipistrellus
2018-09-06 21:07:27,Pipistrellus pipistrellus
2018-09-06 21:07:31,Pipistrellus pipistrellus
2018-09-06 21:07:33,Pipistrellus pipistrellus
2018-09-06 21:07:37,Pipistrellus pipistrellus
2018-09-09 18:46:59,Pipistrellus pipistrellus
2018-09-09 18:48:55,Pipistrellus pipistrellus
2018-09-09 18:51:33,Pipistrellus pipistrellus
2018-09-09 18:52:08,Pipistrellus pipistrellus
2018-09-09 18:54:41,Pipistrellus pipistrellus
2018-09-13 18:37:46,Pipistrellus pipistrellus
2018-09-13 18:55:39,Pipistrellus pipistrellus
2018-09-13 18:56:07,Pipistrellus pipistrellus
2018-09-13 18:56:08,Pipistrellus pipistrellus
2018-09-13 18:56:42,Pipistrellus pipistrellus
2018-09-13 18:56:48,Pipistrellus pipistrellus
2018-09-13 18:59:30,Pipistrellus pipistrellus
2018-09-13 18:59:50,Pipistrellus pipistrellus
2018-09-13 18:59:54,Pipistrellus pipistrellus
2018-09-13 18:59:57,Pipistrellus pipistrellus
2018-09-13 19:00:01,Pipistrellus pipistrellus
2018-09-13 19:00:12,Pipistrellus pipistrellus
2018-09-13 19:01:07,Pipistrellus pipistrellus
2018-09-13 19:03:11,Pipistrellus pipistrellus
2018-09-13 19:03:20,Pipistrellus pipistrellus
2018-09-13 19:03:30,Pipistrellus pipistrellus
2018-09-13 19:03:52,Pipistrellus pipistrellus
2018-09-13 19:04:09,Pipistrellus pipistrellus
2018-09-13 19:04:13,Pipistrellus pipistrellus
2018-09-13 19:04:29,Pipistrellus pipistrellus
2018-09-13 19:05:14,Pipistrellus pipistrellus
2018-09-13 19:06:22,Pipistrellus pipistrellus
2018-09-13 19:06:35,Pipistrellus pipistrellus
2018-09-13 19:06:45,Pipistrellus pipistrellus
2018-09-13 19:07:05,Pipistrellus pipistrellus
2018-09-13 19:08:30,Pipistrellus pipistrellus
2018-09-13 19:08:46,Pipistrellus pipistrellus
2018-09-13 19:09:50,Pipistrellus pipistrellus
2018-09-13 19:10:19,Pipistrellus pipistrellus
2018-09-13 19:12:42,Pipistrellus pipistrellus
2018-09-13 19:13:05,Pipistrellus pipistrellus
2018-09-13 19:13:10,Pipistrellus pipistrellus
2018-09-13 19:13:15,Pipistrellus pipistrellus
2018-09-13 19:13:23,Pipistrellus pipistrellus
2018-09-13 19:13:28,Pipistrellus pipistrellus
2018-09-13 19:15:36,Pipistrellus pipistrellus
2018-09-13 19:15:46,Pipistrellus pipistrellus
2018-09-13 19:16:00,Pipistrellus pipistrellus
2018-09-13 19:16:10,Pipistrellus pipistrellus
2018-09-13 19:16:44,Pipistrellus pipistrellus
2018-09-13 19:18:23,Pipistrellus pipistrellus
2018-09-13 19:18:40,Pipistrellus pipistrellus
2018-09-13 19:19:28,Pipistrellus pipistrellus
2018-09-13 19:20:00,Pipistrellus pipistrellus
2018-09-13 19:22:31,Pipistrellus pipistrellus
2018-09-13 19:22:44,Pipistrellus pipistrellus
2018-09-13 19:22:48,Pipistrellus pipistrellus
2018-09-13 19:22:53,Pipistrellus pipistrellus
2018-09-13 19:23:04,Pipistrellus pipistrellus
2018-09-13 19:23:09,Pipistrellus pipistrellus
2018-09-13 19:25:58,Pipistrellus pipistrellus
2018-09-13 19:26:07,Pipistrellus pipistrellus
2018-09-13 19:26:24,Pipistrellus pipistrellus
2018-09-13 19:26:26,Pipistrellus pipistrellus
2018-09-13 19:26:49,Pipistrellus pipistrellus
2018-09-13 19:27:53,Pipistrellus pipistrellus
2018-09-13 19:28:01,Pipistrellus pipistrellus
2018-09-13 19:28:13,Pipistrellus pipistrellus
2018-04-07 19:08:21,Pipistrellus nathusii
2018-04-07 19:08:30,Pipistrellus nathusii
2018-04-08 01:56:56,Pipistrellus nathusii
2018-04-08 01:59:18,Pipistrellus nathusii
2018-04-08 01:59:24,Pipistrellus nathusii
2018-04-08 02:01:14,Pipistrellus nathusii
2018-04-08 02:02:01,Pipistrellus nathusii
2018-04-08 02:02:36,Pipistrellus nathusii
2018-04-08 02:03:14,Pipistrellus nathusii
2018-04-08 02:03:54,Pipistrellus nathusii
2018-04-08 02:04:27,Pipistrellus nathusii
2018-04-08 02:05:00,Pipistrellus nathusii
2018-04-08 02:06:13,Pipistrellus nathusii
2018-04-08 02:06:50,Pipistrellus nathusii
2018-04-08 02:12:05,Pipistrellus nathusii
2018-04-08 02:12:44,Pipistrellus nathusii
2018-04-08 02:13:12,Pipistrellus nathusii
2018-04-08 02:13:41,Pipistrellus nathusii
2018-04-08 02:14:32,Pipistrellus nathusii
2018-04-08 03:21:32,Pipistrellus nathusii
2018-04-08 03:21:54,Pipistrellus nathusii
2018-04-08 03:22:29,Pipistrellus nathusii
2018-04-08 03:22:48,Pipistrellus nathusii
2018-04-08 03:22:55,Pipistrellus nathusii
2018-04-08 03:23:02,Pipistrellus nathusii
2018-04-08 03:24:31,Pipistrellus nathusii
2018-04-08 03:24:41,Pipistrellus nathusii
2018-04-08 03:24:44,Pipistrellus nathusii
2018-04-08 03:24:48,Pipistrellus nathusii
2018-04-08 03:24:55,Pipistrellus nathusii
2018-04-08 03:25:04,Pipistrellus nathusii
2018-04-08 03:25:23,Pipistrellus nathusii
2018-04-08 03:25:30,Pipistrellus nathusii
2018-04-08 03:25:50,Pipistrellus nathusii
2018-04-08 03:25:59,Pipistrellus nathusii
2018-04-08 03:26:29,Pipistrellus nathusii
2018-04-08 03:26:32,Pipistrellus nathusii
2018-04-08 03:26:35,Pipistrellus nathusii
2018-04-08 03:26:38,Pipistrellus nathusii
2018-04-08 03:26:46,Pipistrellus nathusii
2018-04-08 03:26:55,Pipistrellus nathusii
2018-04-08 03:27:04,Pipistrellus nathusii
2018-04-08 03:27:09,Pipistrellus nathusii
2018-04-08 03:27:21,Pipistrellus nathusii
2018-04-08 03:27:27,Pipistrellus nathusii
2018-04-08 03:27:56,Pipistrellus nathusii
2018-04-08 03:27:59,Pipistrellus nathusii
2018-04-08 03:28:08,Pipistrellus nathusii
2018-04-08 03:28:20,Pipistrellus nathusii
2018-04-08 03:28:25,Pipistrellus nathusii
2018-04-08 03:28:44,Pipistrellus nathusii
2018-04-08 03:32:31,Pipistrellus nathusii
2018-04-08 03:32:56,Pipistrellus nathusii
2018-04-08 03:32:58,Pipistrellus nathusii
2018-04-08 03:33:01,Pipistrellus nathusii
2018-04-08 03:33:54,Pipistrellus nathusii
2018-04-08 03:34:02,Pipistrellus nathusii
2018-04-08 03:34:19,Pipistrellus nathusii
2018-04-08 03:34:28,Pipistrellus nathusii
2018-04-08 03:34:33,Pipistrellus nathusii
2018-04-08 03:34:35,Pipistrellus nathusii
2018-04-08 03:34:49,Pipistrellus nathusii
2018-04-08 03:35:36,Pipistrellus nathusii
2018-04-08 03:36:05,Pipistrellus nathusii
2018-04-08 03:36:12,Pipistrellus nathusii
2018-04-08 03:36:31,Pipistrellus nathusii
2018-04-08 03:36:51,Pipistrellus nathusii
2018-04-08 03:36:54,Pipistrellus nathusii
2018-04-08 03:36:59,Pipistrellus nathusii
2018-04-08 03:37:15,Pipistrellus nathusii
2018-04-08 03:37:46,Pipistrellus nathusii
2018-04-08 03:37:51,Pipistrellus nathusii
2018-04-08 03:37:55,Pipistrellus nathusii
2018-04-08 03:38:13,Pipistrellus nathusii
2018-04-08 03:38:26,Pipistrellus nathusii
2018-04-08 03:38:37,Pipistrellus nathusii
2018-04-08 03:38:41,Pipistrellus nathusii
2018-04-08 03:39:11,Pipistrellus nathusii
2018-04-08 03:39:22,Pipistrellus nathusii
2018-04-08 03:39:44,Pipistrellus nathusii
2018-04-08 03:39:53,Pipistrellus nathusii
2018-04-08 03:40:03,Pipistrellus nathusii
2018-04-08 03:40:13,Pipistrellus nathusii
2018-04-08 03:40:23,Pipistrellus nathusii
2018-04-08 03:40:31,Pipistrellus nathusii
2018-04-08 03:41:53,Pipistrellus nathusii
2018-04-08 03:41:57,Pipistrellus nathusii
2018-04-08 03:42:00,Pipistrellus nathusii
2018-04-08 03:42:21,Pipistrellus nathusii
2018-04-08 03:43:06,Pipistrellus nathusii
2018-04-08 03:44:38,Pipistrellus nathusii
2018-04-08 03:53:03,Pipistrellus nathusii
2018-04-08 03:53:12,Pipistrellus nathusii
2018-04-08 03:53:15,Pipistrellus nathusii
2018-04-08 03:53:33,Pipistrellus nathusii
2018-04-08 03:53:58,Pipistrellus nathusii
2018-04-08 04:00:31,Pipistrellus nathusii
2018-04-08 04:00:35,Pipistrellus nathusii
2018-04-08 04:00:51,Pipistrellus nathusii
2018-04-08 04:00:57,Pipistrellus nathusii
2018-04-08 04:01:00,Pipistrellus nathusii
2018-04-08 04:01:07,Pipistrellus nathusii
2018-04-08 04:01:12,Pipistrellus nathusii
2018-04-08 04:01:14,Pipistrellus nathusii
2018-04-08 04:01:20,Pipistrellus nathusii
2018-04-08 04:01:22,Pipistrellus nathusii
2018-04-08 04:01:25,Pipistrellus nathusii
2018-04-08 04:01:29,Pipistrellus nathusii
2018-04-08 04:01:42,Pipistrellus nathusii
2018-04-08 04:01:52,Pipistrellus nathusii
2018-04-08 04:01:56,Pipistrellus nathusii
2018-04-08 04:02:04,Pipistrellus nathusii
2018-04-08 04:02:07,Pipistrellus nathusii
2018-04-08 04:02:15,Pipistrellus nathusii
2018-04-08 04:02:19,Pipistrellus nathusii
2018-04-08 04:02:38,Pipistrellus nathusii
2018-04-08 04:02:52,Pipistrellus nathusii
2018-04-08 04:02:54,Pipistrellus nathusii
2018-04-08 04:03:01,Pipistrellus nathusii
2018-04-08 04:03:07,Pipistrellus nathusii
2018-04-08 04:03:10,Pipistrellus nathusii
2018-04-08 04:03:12,Pipistrellus nathusii
2018-04-08 04:04:07,Pipistrellus nathusii
2018-04-08 04:04:11,Pipistrellus nathusii
2018-04-08 04:04:14,Pipistrellus nathusii
2018-04-08 04:04:51,Pipistrellus nathusii
2018-04-08 04:05:35,Pipistrellus nathusii
2018-04-08 04:05:46,Pipistrellus nathusii
2018-04-08 04:05:50,Pipistrellus nathusii
2018-04-08 04:06:02,Pipistrellus nathusii
2018-04-08 04:06:04,Pipistrellus nathusii
2018-04-08 04:06:07,Pipistrellus nathusii
2018-04-08 04:06:11,Pipistrellus nathusii
2018-04-08 04:06:19,Pipistrellus nathusii
2018-04-08 04:06:22,Pipistrellus nathusii
2018-04-08 04:07:20,Pipistrellus nathusii
2018-04-08 04:07:24,Pipistrellus nathusii
2018-04-08 04:07:37,Pipistrellus nathusii
2018-04-08 04:08:13,Pipistrellus nathusii
2018-04-08 04:08:28,Pipistrellus nathusii
2018-04-08 04:08:57,Pipistrellus nathusii
2018-04-08 04:09:01,Pipistrellus nathusii
2018-04-08 04:09:07,Pipistrellus nathusii
2018-04-08 19:23:44,Pipistrellus nathusii
2018-04-08 19:25:54,Pipistrellus nathusii
2018-04-08 19:26:24,Pipistrellus nathusii
2018-04-08 19:27:51,Pipistrellus nathusii
2018-04-08 19:29:22,Pipistrellus nathusii
2018-04-08 19:29:35,Pipistrellus nathusii
2018-04-08 19:29:52,Pipistrellus nathusii
2018-04-08 19:30:26,Pipistrellus nathusii
2018-04-08 19:30:40,Pipistrellus nathusii
2018-04-08 19:30:47,Pipistrellus nathusii
2018-04-08 19:32:12,Pipistrellus nathusii
2018-04-08 19:33:03,Pipistrellus nathusii
2018-04-08 19:33:19,Pipistrellus nathusii
2018-04-08 19:34:20,Pipistrellus nathusii
2018-04-08 19:34:24,Pipistrellus nathusii
2018-04-08 19:34:26,Pipistrellus nathusii
2018-04-08 19:34:56,Pipistrellus nathusii
2018-04-08 19:35:41,Pipistrellus nathusii
2018-04-08 19:36:30,Pipistrellus nathusii
2018-04-08 19:38:16,Pipistrellus nathusii
2018-04-08 19:39:11,Pipistrellus nathusii
2018-04-17 19:22:53,Pipistrellus nathusii
2018-04-17 19:22:57,Pipistrellus nathusii
2018-04-17 19:24:13,Pipistrellus nathusii
2018-04-17 19:24:22,Pipistrellus nathusii
2018-04-17 19:25:35,Pipistrellus nathusii
2018-04-17 19:25:59,Pipistrellus nathusii
2018-05-04 20:24:58,Pipistrellus nathusii
2018-05-08 20:32:58,Pipistrellus nathusii
2018-05-08 20:33:05,Pipistrellus nathusii
2018-05-08 20:33:19,Pipistrellus nathusii
2018-05-08 20:33:27,Pipistrellus nathusii
2018-08-29 03:18:01,Pipistrellus nathusii
2018-08-29 03:18:44,Pipistrellus nathusii
2018-08-29 03:20:27,Pipistrellus nathusii
2018-08-29 03:22:25,Pipistrellus nathusii
2018-08-29 05:57:40,Pipistrellus nathusii
2018-08-29 05:57:52,Pipistrellus nathusii
2018-08-29 19:10:56,Pipistrellus nathusii
2018-08-29 19:20:34,Pipistrellus nathusii
2018-08-29 19:20:36,Pipistrellus nathusii
2018-09-03 02:39:17,Pipistrellus nathusii
2018-09-04 18:51:02,Pipistrellus nathusii
2018-09-04 18:51:55,Pipistrellus nathusii
2018-09-12 23:56:54,Pipistrellus nathusii
2018-09-12 23:59:54,Pipistrellus nathusii
2018-09-13 00:01:01,Pipistrellus nathusii
2018-09-13 00:04:08,Pipistrellus nathusii
2018-09-13 00:11:57,Pipistrellus nathusii
2018-09-13 00:38:43,Pipistrellus nathusii
2018-09-13 00:42:48,Pipistrellus nathusii
2018-09-13 00:45:06,Pipistrellus nathusii
2018-09-13 00:50:19,Pipistrellus nathusii
2018-09-13 00:51:15,Pipistrellus nathusii
2018-09-13 00:54:20,Pipistrellus nathusii
2018-09-13 00:54:23,Pipistrellus nathusii
2018-09-13 01:40:44,Pipistrellus nathusii
2018-09-14 04:18:32,Pipistrellus nathusii
2018-09-14 04:18:39,Pipistrellus nathusii
2018-09-14 04:18:41,Pipistrellus nathusii
2018-09-14 04:19:04,Pipistrellus nathusii
2018-09-14 04:19:57,Pipistrellus nathusii
2018-09-14 04:33:10,Pipistrellus nathusii
2018-09-18 19:03:00,Pipistrellus nathusii
2019-03-30 05:00:34,Pipistrellus nathusii
2019-03-30 05:00:37,Pipistrellus nathusii
2019-03-30 05:00:42,Pipistrellus nathusii
2019-03-30 05:00:46,Pipistrellus nathusii
2019-03-30 05:00:49,Pipistrellus nathusii
2019-04-17 19:19:52,Pipistrellus nathusii
2019-04-25 03:11:06,Pipistrellus nathusii
2019-05-01 07:38:07,Pipistrellus nathusii
2019-05-01 07:38:17,Pipistrellus nathusii
2019-05-01 07:38:19,Pipistrellus nathusii
2019-05-01 07:38:21,Pipistrellus nathusii
2019-05-01 07:38:24,Pipistrellus nathusii
2019-05-01 07:38:27,Pipistrellus nathusii
2019-05-01 07:38:30,Pipistrellus nathusii
2019-05-01 07:38:33,Pipistrellus nathusii
2019-05-01 07:38:36,Pipistrellus nathusii
2019-05-01 07:38:38,Pipistrellus nathusii
2019-05-01 20:08:50,Pipistrellus nathusii
2019-05-01 20:08:53,Pipistrellus nathusii
2019-05-01 20:08:59,Pipistrellus nathusii
2019-05-01 20:09:00,Pipistrellus nathusii
2019-05-01 20:09:06,Pipistrellus nathusii
2019-05-14 01:26:20,Pipistrellus nathusii
2019-08-24 19:32:12,Pipistrellus nathusii
2019-08-24 19:32:14,Pipistrellus nathusii
2019-08-25 19:32:23,Pipistrellus nathusii
2019-08-25 23:20:21,Pipistrellus nathusii
2019-08-26 19:25:54,Pipistrellus nathusii
2019-08-27 01:59:01,Pipistrellus nathusii
2019-08-27 02:14:24,Pipistrellus nathusii
2019-08-27 02:16:24,Pipistrellus nathusii
2019-08-27 02:16:29,Pipistrellus nathusii
2019-08-27 04:10:30,Pipistrellus nathusii
2019-08-27 19:15:19,Pipistrellus nathusii
2019-08-27 19:15:59,Pipistrellus nathusii
2019-08-27 21:44:58,Pipistrellus nathusii
2019-08-27 21:53:10,Pipistrellus nathusii
2019-08-27 21:55:41,Pipistrellus nathusii
2019-08-27 21:59:34,Pipistrellus nathusii
2019-08-27 22:01:46,Pipistrellus nathusii
2019-08-27 22:02:51,Pipistrellus nathusii
2019-08-27 22:04:08,Pipistrellus nathusii
2019-08-27 22:05:07,Pipistrellus nathusii
2019-08-27 22:06:04,Pipistrellus nathusii
2019-08-27 22:07:08,Pipistrellus nathusii
2019-08-27 22:07:11,Pipistrellus nathusii
2019-08-27 22:08:09,Pipistrellus nathusii
2019-08-27 22:11:37,Pipistrellus nathusii
2019-08-27 22:13:33,Pipistrellus nathusii
2019-08-27 22:18:50,Pipistrellus nathusii
2019-08-27 22:20:44,Pipistrellus nathusii
2019-08-27 22:21:41,Pipistrellus nathusii
2019-08-27 22:28:06,Pipistrellus nathusii
2019-08-27 22:29:13,Pipistrellus nathusii
2019-08-27 22:32:20,Pipistrellus nathusii
2019-08-27 22:33:23,Pipistrellus nathusii
2019-08-27 22:34:16,Pipistrellus nathusii
2019-08-27 22:35:50,Pipistrellus nathusii
2019-08-27 22:37:15,Pipistrellus nathusii
2019-08-27 22:37:58,Pipistrellus nathusii
2019-08-27 22:39:19,Pipistrellus nathusii
2019-08-27 22:40:10,Pipistrellus nathusii
2019-08-27 22:40:54,Pipistrellus nathusii
2019-08-27 22:41:39,Pipistrellus nathusii
2019-08-27 22:42:23,Pipistrellus nathusii
2019-08-27 22:43:08,Pipistrellus nathusii
2019-08-27 22:45:49,Pipistrellus nathusii
2019-08-27 22:48:09,Pipistrellus nathusii
2019-08-27 22:49:48,Pipistrellus nathusii
2019-08-27 22:51:05,Pipistrellus nathusii
2019-08-27 22:51:46,Pipistrellus nathusii
2019-08-27 22:52:33,Pipistrellus nathusii
2019-08-27 22:53:22,Pipistrellus nathusii
2019-08-27 22:54:23,Pipistrellus nathusii
2019-08-27 22:55:22,Pipistrellus nathusii
2019-08-27 22:56:07,Pipistrellus nathusii
2019-08-27 22:56:46,Pipistrellus nathusii
2019-08-27 22:58:54,Pipistrellus nathusii
2019-08-27 22:58:57,Pipistrellus nathusii
2019-08-27 22:59:43,Pipistrellus nathusii
2019-08-27 23:00:23,Pipistrellus nathusii
2019-08-27 23:01:09,Pipistrellus nathusii
2019-08-27 23:02:01,Pipistrellus nathusii
2019-08-27 23:02:56,Pipistrellus nathusii
2019-08-27 23:03:43,Pipistrellus nathusii
2019-08-27 23:06:15,Pipistrellus nathusii
2019-08-27 23:07:51,Pipistrellus nathusii
2019-08-27 23:09:47,Pipistrellus nathusii
2019-08-27 23:10:31,Pipistrellus nathusii
2019-08-27 23:10:36,Pipistrellus nathusii
2019-08-27 23:12:28,Pipistrellus nathusii
2019-08-27 23:21:03,Pipistrellus nathusii
2019-08-27 23:21:08,Pipistrellus nathusii
2019-08-27 23:25:21,Pipistrellus nathusii
2019-08-27 23:25:27,Pipistrellus nathusii
2019-08-27 23:26:44,Pipistrellus nathusii
2019-08-27 23:29:32,Pipistrellus nathusii
2019-08-27 23:29:36,Pipistrellus nathusii
2019-08-27 23:29:42,Pipistrellus nathusii
2019-08-27 23:29:46,Pipistrellus nathusii
2019-08-27 23:29:52,Pipistrellus nathusii
2019-08-28 00:04:53,Pipistrellus nathusii
2019-08-28 00:05:05,Pipistrellus nathusii
2019-08-28 00:08:43,Pipistrellus nathusii
2019-08-28 00:10:28,Pipistrellus nathusii
2019-08-28 00:10:33,Pipistrellus nathusii
2019-08-28 00:10:56,Pipistrellus nathusii
2019-09-10 00:21:39,Pipistrellus nathusii
2019-09-10 00:22:58,Pipistrellus nathusii
2019-09-10 00:26:31,Pipistrellus nathusii
2019-09-11 18:52:26,Pipistrellus nathusii
2019-09-12 07:21:38,Pipistrellus nathusii
2019-09-12 07:21:40,Pipistrellus nathusii
2019-09-12 07:21:51,Pipistrellus nathusii
2019-09-12 18:56:18,Pipistrellus nathusii
2019-09-14 18:40:27,Pipistrellus nathusii
2019-09-14 18:41:13,Pipistrellus nathusii
2019-09-19 19:01:26,Pipistrellus nathusii
2019-09-19 19:01:44,Pipistrellus nathusii
2019-09-19 19:01:54,Pipistrellus nathusii
2019-09-19 19:01:59,Pipistrellus nathusii
2019-09-19 19:02:14,Pipistrellus nathusii
2019-09-19 19:21:25,Pipistrellus nathusii
2019-09-19 19:21:31,Pipistrellus nathusii
2019-09-19 19:21:37,Pipistrellus nathusii
2019-09-19 19:22:45,Pipistrellus nathusii
2019-09-19 19:25:23,Pipistrellus nathusii
2019-09-19 19:31:29,Pipistrellus nathusii
2019-09-19 19:31:41,Pipistrellus nathusii
2019-09-19 19:31:52,Pipistrellus nathusii
2019-09-19 19:34:31,Pipistrellus nathusii
2019-09-19 19:43:01,Pipistrellus nathusii
2019-09-19 19:43:06,Pipistrellus nathusii
2019-09-19 20:19:22,Pipistrellus nathusii
2019-09-19 20:19:25,Pipistrellus nathusii
2019-09-19 20:21:10,Pipistrellus nathusii
2019-09-19 20:21:23,Pipistrellus nathusii
2019-09-19 20:21:29,Pipistrellus nathusii
2019-09-19 20:21:36,Pipistrellus nathusii
2019-09-19 20:22:13,Pipistrellus nathusii
2019-09-19 20:22:16,Pipistrellus nathusii
2019-09-19 20:22:30,Pipistrellus nathusii
2019-09-19 20:22:37,Pipistrellus nathusii
2019-09-19 20:22:52,Pipistrellus nathusii
2019-09-19 20:23:04,Pipistrellus nathusii
2019-09-19 20:23:11,Pipistrellus nathusii
2019-09-19 20:23:18,Pipistrellus nathusii
2019-09-19 20:23:25,Pipistrellus nathusii
2019-09-19 20:23:36,Pipistrellus nathusii
2019-09-19 20:23:38,Pipistrellus nathusii
2019-09-19 20:23:50,Pipistrellus nathusii
2019-09-19 20:23:57,Pipistrellus nathusii
2019-09-19 20:24:02,Pipistrellus nathusii
2019-09-19 20:24:26,Pipistrellus nathusii
2019-09-19 20:24:47,Pipistrellus nathusii
2019-09-19 20:24:57,Pipistrellus nathusii
2019-09-19 20:25:29,Pipistrellus nathusii
2019-09-19 20:25:32,Pipistrellus nathusii
2019-09-19 20:31:09,Pipistrellus nathusii
2019-09-19 20:31:54,Pipistrellus nathusii
2019-09-19 20:32:04,Pipistrellus nathusii
2019-09-19 20:37:04,Pipistrellus nathusii
2019-09-19 20:37:41,Pipistrellus nathusii
2019-09-19 20:37:50,Pipistrellus nathusii
2019-09-19 20:37:59,Pipistrellus nathusii
2019-09-19 20:38:25,Pipistrellus nathusii
2019-09-19 20:38:33,Pipistrellus nathusii
2019-09-19 20:40:06,Pipistrellus nathusii
2019-09-19 20:40:10,Pipistrellus nathusii
2019-09-19 20:41:57,Pipistrellus nathusii
2019-09-19 21:10:03,Pipistrellus nathusii
2019-09-19 21:10:45,Pipistrellus nathusii
2019-09-19 21:10:48,Pipistrellus nathusii
2019-09-19 21:10:52,Pipistrellus nathusii
2019-09-19 21:10:54,Pipistrellus nathusii
2019-09-19 21:11:25,Pipistrellus nathusii
2019-09-19 21:12:33,Pipistrellus nathusii
2019-09-23 02:01:16,Pipistrellus nathusii
2019-09-23 02:01:22,Pipistrellus nathusii
2019-09-23 02:32:10,Pipistrellus nathusii
2019-09-23 02:32:16,Pipistrellus nathusii
2019-09-23 02:32:20,Pipistrellus nathusii
2019-09-23 02:32:25,Pipistrellus nathusii
2019-09-23 02:32:34,Pipistrellus nathusii
2019-09-23 02:35:22,Pipistrellus nathusii
2019-09-23 02:35:47,Pipistrellus nathusii
2019-09-23 02:35:52,Pipistrellus nathusii
2019-09-23 02:35:58,Pipistrellus nathusii
2019-09-23 04:07:12,Pipistrellus nathusii
2019-09-23 04:07:18,Pipistrellus nathusii
2019-09-23 04:24:21,Pipistrellus nathusii
2019-09-23 04:30:15,Pipistrellus nathusii
2019-09-23 04:30:18,Pipistrellus nathusii
2019-09-23 04:30:28,Pipistrellus nathusii
2019-09-23 04:32:05,Pipistrellus nathusii
2019-09-23 04:34:07,Pipistrellus nathusii
2019-09-23 04:34:44,Pipistrellus nathusii
2019-09-23 04:34:47,Pipistrellus nathusii
2019-09-24 00:00:25,Pipistrellus nathusii
2019-09-24 00:01:13,Pipistrellus nathusii
2019-09-24 00:02:23,Pipistrellus nathusii
2019-09-24 00:02:27,Pipistrellus nathusii
2019-09-24 00:02:53,Pipistrellus nathusii
2019-09-24 02:13:48,Pipistrellus nathusii
2019-09-24 18:51:04,Pipistrellus nathusii
2019-09-25 02:42:12,Pipistrellus nathusii
2019-09-25 02:43:57,Pipistrellus nathusii
2019-09-25 02:44:00,Pipistrellus nathusii
2019-09-29 18:08:21,Pipistrellus nathusii
2019-10-03 17:50:00,Pipistrellus nathusii
2019-10-03 17:50:26,Pipistrellus nathusii
2019-10-03 17:51:14,Pipistrellus nathusii
2019-10-03 17:51:23,Pipistrellus nathusii
2019-10-07 17:43:23,Pipistrellus nathusii
2019-10-07 17:43:32,Pipistrellus nathusii
2019-10-14 21:27:02,Pipistrellus nathusii
2019-10-14 21:29:39,Pipistrellus nathusii
2019-10-14 21:33:25,Pipistrellus nathusii
2019-10-14 21:33:33,Pipistrellus nathusii
2019-10-15 00:41:28,Pipistrellus nathusii
2019-10-21 23:14:53,Pipistrellus nathusii
2019-10-21 23:15:04,Pipistrellus nathusii
2019-10-21 23:15:24,Pipistrellus nathusii
2019-10-21 23:15:30,Pipistrellus nathusii
2019-10-21 23:21:52,Pipistrellus nathusii
2019-10-21 23:22:40,Pipistrellus nathusii
2019-10-21 23:22:45,Pipistrellus nathusii
2019-10-21 23:23:07,Pipistrellus nathusii
2019-10-21 23:23:21,Pipistrellus nathusii
2019-10-21 23:23:38,Pipistrellus nathusii
2019-10-21 23:23:42,Pipistrellus nathusii
2019-10-21 23:23:49,Pipistrellus nathusii
2019-10-21 23:23:53,Pipistrellus nathusii
2019-10-21 23:24:16,Pipistrellus nathusii
2019-10-21 23:24:45,Pipistrellus nathusii
2019-10-21 23:24:49,Pipistrellus nathusii
2019-10-21 23:24:57,Pipistrellus nathusii
2019-10-22 20:29:15,Pipistrellus nathusii
2019-10-22 20:29:18,Pipistrellus nathusii
2019-10-23 21:18:18,Pipistrellus nathusii
2019-10-23 21:20:44,Pipistrellus nathusii
2019-10-23 21:22:50,Pipistrellus nathusii
2019-10-23 21:24:14,Pipistrellus nathusii
2019-10-23 21:25:48,Pipistrellus nathusii
2019-10-23 21:27:36,Pipistrellus nathusii
2019-10-23 21:32:22,Pipistrellus nathusii
2019-10-23 21:36:09,Pipistrellus nathusii
2019-10-23 21:37:54,Pipistrellus nathusii
2019-10-23 21:39:04,Pipistrellus nathusii
2019-10-23 21:42:15,Pipistrellus nathusii
2019-10-23 21:43:24,Pipistrellus nathusii
2019-10-23 21:44:48,Pipistrellus nathusii
2019-10-23 21:46:07,Pipistrellus nathusii
2019-10-23 21:47:58,Pipistrellus nathusii
2019-10-23 21:50:22,Pipistrellus nathusii
2019-10-23 21:51:32,Pipistrellus nathusii
2019-11-01 20:00:04,Pipistrellus nathusii
2019-11-05 04:39:20,Pipistrellus nathusii
2019-11-05 04:42:49,Pipistrellus nathusii
2019-11-05 04:44:18,Pipistrellus nathusii
2019-11-07 01:44:36,Pipistrellus nathusii
2019-11-07 02:10:07,Pipistrellus nathusii
2019-11-07 02:11:26,Pipistrellus nathusii
2019-11-07 02:11:30,Pipistrellus nathusii
2019-11-07 02:14:16,Pipistrellus nathusii
2019-11-07 02:15:06,Pipistrellus nathusii
2019-11-07 02:17:33,Pipistrellus nathusii
2019-11-07 02:17:36,Pipistrellus nathusii
2019-11-07 02:19:33,Pipistrellus nathusii
2019-11-07 02:21:39,Pipistrellus nathusii
2019-11-07 02:22:32,Pipistrellus nathusii
2019-11-07 02:34:22,Pipistrellus nathusii
2019-11-07 02:35:45,Pipistrellus nathusii
2019-11-07 02:37:17,Pipistrellus nathusii
2019-11-07 02:41:09,Pipistrellus nathusii
2019-11-07 02:42:22,Pipistrellus nathusii
2019-11-07 02:43:44,Pipistrellus nathusii
2019-11-07 02:43:49,Pipistrellus nathusii
2019-11-07 03:11:41,Pipistrellus nathusii
2019-11-07 03:18:45,Pipistrellus nathusii
2019-11-07 03:20:41,Pipistrellus nathusii
2019-11-07 03:48:35,Pipistrellus nathusii
2019-11-07 03:58:55,Pipistrellus nathusii
2020-03-16 02:02:41,Pipistrellus nathusii
2020-03-16 02:03:07,Pipistrellus nathusii
2020-03-16 02:03:24,Pipistrellus nathusii
2020-03-16 02:03:33,Pipistrellus nathusii
2020-03-16 02:03:53,Pipistrellus nathusii
2020-03-16 02:03:55,Pipistrellus nathusii
2020-03-16 02:04:01,Pipistrellus nathusii
2020-03-16 02:04:32,Pipistrellus nathusii
2020-03-16 02:04:34,Pipistrellus nathusii
2020-03-16 02:04:51,Pipistrellus nathusii
2020-03-16 02:04:57,Pipistrellus nathusii
2020-03-16 02:05:07,Pipistrellus nathusii
2020-03-16 02:05:13,Pipistrellus nathusii
2020-03-16 02:05:27,Pipistrellus nathusii
2020-03-16 02:05:39,Pipistrellus nathusii
2020-03-16 02:05:49,Pipistrellus nathusii
2020-03-16 02:06:10,Pipistrellus nathusii
2020-03-16 02:06:37,Pipistrellus nathusii
2020-03-16 02:06:50,Pipistrellus nathusii
2020-03-16 02:07:04,Pipistrellus nathusii
2020-03-16 02:07:16,Pipistrellus nathusii
2020-03-16 02:07:22,Pipistrellus nathusii
2020-03-16 02:07:32,Pipistrellus nathusii
2020-03-16 02:07:53,Pipistrellus nathusii
2020-03-16 02:08:19,Pipistrellus nathusii
2020-03-16 02:08:34,Pipistrellus nathusii
2020-03-16 02:10:02,Pipistrellus nathusii
2020-03-16 02:10:21,Pipistrellus nathusii
2020-03-16 02:10:30,Pipistrellus nathusii
2020-03-16 02:10:38,Pipistrellus nathusii
2020-03-16 02:10:41,Pipistrellus nathusii
2020-03-16 02:10:54,Pipistrellus nathusii
2020-03-16 02:13:33,Pipistrellus nathusii
2020-03-16 02:13:40,Pipistrellus nathusii
2020-03-16 02:13:44,Pipistrellus nathusii
2020-03-16 02:13:48,Pipistrellus nathusii
2020-03-16 02:13:56,Pipistrellus nathusii
2020-03-16 02:14:04,Pipistrellus nathusii
2020-03-16 02:14:08,Pipistrellus nathusii
2020-03-16 02:14:25,Pipistrellus nathusii
2020-03-16 02:14:30,Pipistrellus nathusii
2020-03-16 02:14:39,Pipistrellus nathusii
2020-03-16 02:14:42,Pipistrellus nathusii
2020-03-16 02:14:48,Pipistrellus nathusii
2020-03-16 02:14:56,Pipistrellus nathusii
2020-03-16 02:15:04,Pipistrellus nathusii
2020-03-16 02:15:09,Pipistrellus nathusii
2020-03-16 02:15:16,Pipistrellus nathusii
2020-03-16 02:15:20,Pipistrellus nathusii
2020-03-16 02:15:30,Pipistrellus nathusii
2020-03-16 02:15:35,Pipistrellus nathusii
2020-03-16 02:15:37,Pipistrellus nathusii
2020-03-16 02:15:40,Pipistrellus nathusii
2020-03-16 02:15:44,Pipistrellus nathusii
2020-03-16 02:15:49,Pipistrellus nathusii
2020-03-16 02:15:54,Pipistrellus nathusii
2020-03-16 02:16:00,Pipistrellus nathusii
2020-03-16 02:16:07,Pipistrellus nathusii
2020-03-16 02:16:16,Pipistrellus nathusii
2020-03-16 02:16:32,Pipistrellus nathusii
2020-03-16 02:16:34,Pipistrellus nathusii
2020-03-16 02:16:46,Pipistrellus nathusii
2020-03-16 02:17:00,Pipistrellus nathusii
2020-03-16 02:17:03,Pipistrellus nathusii
2020-03-16 02:17:08,Pipistrellus nathusii
2020-03-16 02:17:19,Pipistrellus nathusii
2020-03-16 02:17:26,Pipistrellus nathusii
2020-03-16 02:17:30,Pipistrellus nathusii
2020-03-16 02:17:36,Pipistrellus nathusii
2020-03-16 02:17:39,Pipistrellus nathusii
2020-03-16 02:17:54,Pipistrellus nathusii
2020-03-16 02:17:59,Pipistrellus nathusii
2020-03-16 02:18:12,Pipistrellus nathusii
2020-03-16 02:18:14,Pipistrellus nathusii
2020-03-16 02:18:21,Pipistrellus nathusii
2020-03-16 02:18:23,Pipistrellus nathusii
2020-03-16 02:18:29,Pipistrellus nathusii
2020-03-16 02:18:33,Pipistrellus nathusii
2020-03-16 02:18:44,Pipistrellus nathusii
2020-03-16 02:19:00,Pipistrellus nathusii
2020-03-16 02:19:03,Pipistrellus nathusii
2020-03-16 02:19:10,Pipistrellus nathusii
2020-03-16 02:19:22,Pipistrellus nathusii
2020-03-16 02:19:23,Pipistrellus nathusii
2020-03-16 02:19:31,Pipistrellus nathusii
2020-03-16 02:19:36,Pipistrellus nathusii
2020-04-05 02:56:35,Pipistrellus nathusii
2020-04-27 04:13:43,Pipistrellus nathusii
2020-04-27 04:13:52,Pipistrellus nathusii
2020-05-22 02:29:42,Pipistrellus nathusii
2020-05-22 02:30:59,Pipistrellus nathusii
2020-05-22 02:31:01,Pipistrellus nathusii
2020-05-22 02:32:23,Pipistrellus nathusii
2020-08-10 20:48:33,Pipistrellus pipistrellus
2020-09-02 07:58:36,Pipistrellus nathusii
2020-09-02 07:59:24,Pipistrellus nathusii
2020-09-02 07:59:27,Pipistrellus nathusii
2020-09-02 07:59:30,Pipistrellus nathusii
2020-09-02 08:03:20,Pipistrellus nathusii
2020-09-15 09:37:15,Pipistrellus nathusii
2020-09-15 09:37:28,Pipistrellus nathusii
2020-09-15 09:37:32,Pipistrellus nathusii
2020-09-21 23:45:11,Pipistrellus nathusii
2020-09-21 23:45:24,Pipistrellus nathusii
2020-09-21 23:45:56,Pipistrellus nathusii
2020-09-21 23:46:00,Pipistrellus nathusii
2020-09-21 23:46:36,Pipistrellus nathusii
2020-09-21 23:46:55,Pipistrellus nathusii
2020-10-16 19:31:29,Pipistrellus nathusii
2020-10-16 19:31:33,Pipistrellus nathusii
2020-11-09 19:52:54,Pipistrellus nathusii
